Area_Name_arrests,Year,ACA01_No_of_persons_in_custody_or_on_bail_during_the_stage_of_investigation_at_the_beginning_of_the_year,ACA02_No_of_persons_arrested_during_the_year,ACA04_No_of_persons_in_custody_or_on_bail_during_the_stage_of_investigation_at_the_end_of_the_year,ACA05_No_of_persons_in_whose_cases_charge_sheets_were_laid_during_the_year,ACA06_No_of_persons_under_trial_at_the_beginning_of_the_year,ACA07_Total_No_of_persons_under_trial_during_the_year,ACA08_No_of_persons_whose_cases_were_withdrawn_or_otherwise_disposed_off_during_the_year,ACA09_No_of_persons_in_custody_or_on_bail_during_the_stage_of_trial_at_the_end_of_the_year,ACA10_No_of_persons_in_whose_cases_trials_were_completed_during_the_year,ACA11_No_of_persons_convicted_during_the_year,ACA12_No_of_persons_acquitted_during_the_year,ACA14_No_of_persons_involved_in_the_cases_reported_for_Regular_Departmental_Action_during_the_year,ACA15_No_of_persons_involved_in_the_cases_reported_for_suitable_action_during_the_year,ACA16_No_of_persons_punished_departmentally_during_the_year:,ACA161_No_of_persons_dismissed_from_Service_during_the_year,ACA162_No_of_persons_removed_from_service_during_the_year,ACA163_No_of_persons_awarded_other_major_punishments_during_the_year,ACA164_No_of_persons_awarded_minor_punishments_during_the_year,ACA171_No_of_Group_`A'_Officers_out_of_above,ACA172_No_of_Group_`B'_Officers_out_of_above,ACA19_No_of_private_persons_involved_during_the_year,Total_arrests
Bihar,2007,13,950,20,943,0,0,4,0,4,4,0,0,0,0,0,0,0,0,246,150,215,2549
Gujarat,2010,144,947,449,642,959,1601,0,1378,223,51,172,5,35,6,1,0,2,3,9,46,35,6708
Maharashtra,2007,775,870,1188,453,3588,4041,21,3553,467,97,370,10,0,3,1,0,1,1,88,72,73,15672
Maharashtra,2003,825,792,869,730,3717,4447,14,3929,504,131,373,5,0,3,0,0,0,3,54,81,93,16570
Punjab,2005,338,748,523,529,1037,1566,35,1244,287,95,192,0,26,8,8,0,0,0,79,0,115,6830
Odisha,2010,305,733,543,489,3147,3636,41,3286,309,98,211,212,68,54,21,1,22,10,100,451,147,13884
Maharashtra,2001,835,712,803,729,3205,3934,7,3564,363,117,246,8,0,68,0,0,45,23,37,83,78,14857
Maharashtra,2010,1015,676,1016,645,3463,4108,83,3482,543,85,458,45,0,8,0,0,4,4,114,83,107,15939
Odisha,2009,119,657,305,461,2895,3356,18,3147,191,86,105,74,24,26,9,7,7,3,74,87,96,11747
Maharashtra,2002,803,651,825,612,3564,4176,16,3717,443,105,338,6,0,4,0,1,0,3,38,50,81,15433
Maharashtra,2006,838,625,775,687,3495,4182,39,3588,555,134,421,35,0,14,0,0,4,10,52,62,63,15579
Maharashtra,2008,1188,614,1148,641,3553,4194,23,3493,678,151,527,6,0,12,0,0,12,0,49,52,55,16396
Odisha,2008,25,599,119,448,2641,3089,39,2895,155,61,94,66,6,0,7,3,6,5,93,66,111,10528
Maharashtra,2004,869,575,789,634,3929,4563,13,3815,735,193,542,2,0,5,0,0,1,4,60,61,77,16867
Maharashtra,2005,789,556,838,502,3815,4317,11,3495,811,195,616,32,0,2,0,0,0,2,57,47,66,16151
Maharashtra,2009,1148,531,1015,651,3493,4144,34,3463,647,137,510,18,0,11,0,0,7,4,49,74,74,16010
Punjab,2004,338,528,338,371,1037,1408,109,1037,262,114,148,15,62,13,13,0,0,0,125,0,136,6054
Karnataka,2010,636,497,639,368,1309,1677,50,1350,277,87,190,59,70,0,2,0,3,0,51,104,72,7441
Punjab,2010,57,459,112,378,1135,1513,12,1122,379,104,275,13,22,0,0,45,0,0,0,0,35,5661
Karnataka,2009,264,430,636,344,928,1272,18,1309,165,29,115,41,79,2,2,0,0,0,41,74,28,5777
Andhra Pradesh,2003,209,413,402,220,932,1152,4,1039,109,43,66,55,0,26,6,1,2,17,0,0,6,4702
Punjab,2001,90,411,219,279,1439,1718,51,1512,155,43,112,0,0,4,0,0,0,4,4,73,143,6257
Tamil Nadu,2009,68,408,258,156,1349,1505,20,1389,96,37,59,192,134,138,6,5,47,80,23,275,144,6389
Haryana,2006,1014,407,989,334,2525,2859,59,2655,145,33,112,0,0,0,0,0,0,0,14,33,84,11263
Odisha,2004,104,386,81,386,2081,2467,10,2379,78,13,65,132,0,13,0,1,9,3,71,106,107,8492
Andhra Pradesh,2002,154,384,209,255,586,841,2,749,90,47,45,43,2,0,2,0,1,5,126,0,5,3546
Karnataka,2008,181,380,264,164,873,1037,3,928,125,20,106,81,81,0,4,0,0,0,52,46,30,4375
Haryana,2003,1097,366,1099,353,2284,2637,19,2546,72,27,45,0,0,0,0,0,0,0,2,24,74,10645
Andhra Pradesh,2008,629,362,830,161,1091,1252,5,1017,230,151,79,0,0,0,4,1,45,29,0,0,62,5948
Karnataka,2005,142,340,165,172,1043,1215,6,938,271,42,229,0,0,0,0,0,0,0,41,45,27,4676
Haryana,2002,906,337,1097,137,2238,2375,23,2284,68,10,58,0,0,0,0,0,0,0,24,37,315,9909
Haryana,2008,940,335,901,347,2532,2879,52,2605,222,46,176,0,0,0,0,0,0,0,3,24,15,11077
Punjab,2006,523,329,330,423,1244,1667,23,1393,251,62,189,0,8,1,1,0,0,0,0,0,61,6505
Andhra Pradesh,2009,830,323,895,258,1017,1275,3,1025,247,110,137,0,0,0,8,0,25,12,0,0,42,6207
Karnataka,2006,165,318,250,183,938,1121,11,848,262,27,235,145,1,10,9,1,0,0,48,57,11,4640
Tamil Nadu,2008,142,306,68,249,1292,1541,26,1349,166,63,103,266,140,0,13,2,27,47,15,138,106,6059
Odisha,2002,75,300,65,257,1789,2046,16,1953,77,7,70,7,0,0,2,0,54,109,0,0,0,6827
Andhra Pradesh,2005,443,300,498,245,1138,1383,2,1218,163,89,74,7,0,0,34,4,2,27,0,0,7,5634
Madhya Pradesh,2003,476,296,0,208,747,955,4,811,140,64,72,31,0,31,0,0,0,0,21,45,11,3912
Punjab,2007,330,296,212,329,1393,1722,49,1450,223,70,153,0,3,0,9,0,0,0,0,0,88,6327
Tamil Nadu,2010,258,296,173,322,1389,1711,38,1418,255,31,224,187,206,97,12,4,29,52,5,226,90,7023
Gujarat,2008,120,295,115,140,1028,1168,40,928,200,70,130,15,24,6,1,1,0,4,4,36,29,4354
Andhra Pradesh,2007,533,292,629,196,1200,1396,7,1091,298,188,110,90,0,0,14,2,45,2,0,0,5,6098
Punjab,2008,212,290,195,237,1450,1687,20,1421,246,80,166,0,17,0,23,0,0,0,0,0,106,6150
Andhra Pradesh,2006,498,285,533,250,1218,1468,2,1200,266,149,117,15,0,84,65,2,8,9,0,0,4,6173
Haryana,2007,989,285,940,307,2655,2962,26,2532,404,42,362,0,0,0,0,0,0,0,7,17,32,11560
Karnataka,2007,250,284,181,252,848,1100,56,873,171,35,136,1,20,0,0,1,0,0,31,58,14,4311
Gujarat,2001,27,281,44,262,1903,2165,2,1998,165,24,141,9,0,2,0,0,0,2,35,6,18,7084
Gujarat,2009,115,276,144,247,928,1175,9,959,207,66,141,9,36,16,5,6,0,5,11,38,21,4414
Odisha,2003,65,261,104,210,1953,2163,18,2081,64,14,50,0,153,0,0,77,77,35,207,89,141,7762
Haryana,2004,1099,259,1059,272,2546,2818,2,2580,236,51,185,0,0,0,0,0,0,0,5,23,130,11265
Tamil Nadu,2003,525,252,586,191,358,549,0,510,39,23,16,27,0,0,9,1,22,6,5,84,15,3218
Rajasthan,2006,436,251,390,297,2482,3599,0,3144,455,97,358,134,134,42,0,2,26,14,0,0,0,11861
Tamil Nadu,2002,448,249,525,172,274,446,1,358,87,72,15,3,0,7,5,100,6,0,5,69,14,2856
Gujarat,2004,125,247,125,247,1998,2245,18,1915,312,100,212,1,0,9,4,1,4,0,28,13,34,7638
Andhra Pradesh,2010,895,245,873,267,1025,1292,28,1072,192,109,83,11,0,77,5,3,38,31,0,0,28,6274
Andhra Pradesh,2004,402,240,443,199,1039,1238,0,1138,100,49,51,35,1,0,26,0,0,15,0,0,5,4981
Odisha,2001,78,239,75,151,1708,1859,7,1789,63,10,53,208,5,13,0,0,9,4,77,71,46,6465
Gujarat,2005,125,239,125,239,1915,2154,5,1694,455,122,333,0,0,2,2,0,0,0,21,37,32,7500
Odisha,2007,35,239,26,232,2549,2781,16,2641,124,46,78,62,27,0,1,2,3,4,93,90,193,9242
Himachal Pradesh,2009,206,239,272,170,526,701,2,524,175,14,161,1,0,0,0,0,0,0,13,8,96,3108
Odisha,2006,74,238,35,238,2514,2752,6,2549,197,55,142,178,15,10,0,0,8,2,55,40,93,9201
Haryana,2005,1059,236,1014,239,2580,2819,5,2525,289,80,209,0,0,0,0,0,0,0,8,26,106,11195
Haryana,2009,1020,233,968,184,2522,2559,15,2219,420,104,316,0,0,16,16,0,0,0,5,10,40,10647
Gujarat,2006,125,229,125,229,1694,1923,8,1492,423,130,293,0,1,1,1,0,0,0,0,0,24,6698
Gujarat,2002,44,228,108,160,1998,2158,16,1988,154,39,115,1,0,0,0,0,0,0,38,5,179,7231
Rajasthan,2009,335,228,381,432,3663,4095,0,4019,76,23,53,179,70,73,0,0,11,15,34,39,0,13726
Bihar,2008,20,227,31,216,959,1175,0,1166,9,8,1,0,0,0,0,0,0,0,5,56,25,3898
Rajasthan,2008,377,227,335,635,3231,3866,0,3663,203,72,131,158,158,0,1,5,14,0,0,28,0,13104
Madhya Pradesh,2002,693,226,0,251,997,1248,6,1058,190,74,95,2,0,2,0,0,0,0,31,67,24,4964
Gujarat,2007,125,225,120,120,1492,1612,90,1028,494,167,327,5,9,4,0,0,0,4,27,11,19,5879
Rajasthan,2010,381,225,366,454,4019,4473,9,4338,135,14,121,183,69,12,0,0,7,5,80,46,0,14937
Tamil Nadu,2005,583,224,733,74,609,683,2,627,54,27,27,28,1,0,5,1,17,0,5,65,13,3778
Rajasthan,2007,390,223,377,548,2827,3692,0,3231,461,169,292,292,292,32,0,0,13,19,7,0,0,12865
Tamil Nadu,2007,811,223,142,784,642,1426,46,1292,88,43,45,396,171,65,13,3,24,25,12,148,131,6530
Odisha,2005,81,219,74,219,2379,2598,6,2514,78,19,59,111,10,23,1,1,13,8,64,161,165,8803
Rajasthan,2001,196,216,118,294,2109,2403,0,2058,345,77,268,139,139,30,1,1,4,24,0,11,0,8433
Rajasthan,2002,196,216,294,463,2109,2572,0,2227,345,77,268,139,139,30,1,1,4,24,0,11,0,9116
Rajasthan,2003,387,214,420,385,2383,2768,0,2421,347,106,241,118,118,23,0,0,0,23,0,21,0,9975
Rajasthan,2004,420,213,428,516,2491,3007,0,2610,397,108,289,61,61,0,0,0,1,5,0,5,0,10612
Gujarat,2003,108,212,125,195,1988,2183,8,1998,177,55,122,1,1,0,0,0,0,0,50,4,231,7458
Bihar,2009,31,203,42,192,1166,1358,0,1353,5,3,2,0,0,0,0,0,0,0,7,40,21,4423
Karnataka,2001,473,202,425,98,1145,1243,7,1062,174,15,159,1,0,0,0,0,0,0,24,32,6,5066
Andhra Pradesh,2001,92,201,54,156,479,635,5,586,44,22,22,17,0,13,0,0,0,13,0,0,5,2344
Haryana,2001,1805,198,906,1090,1235,2325,24,2238,63,4,59,0,0,0,0,0,0,0,0,43,79,10069
Rajasthan,2005,428,197,436,189,2610,2799,0,2482,317,96,221,103,103,26,0,0,1,25,0,0,0,10033
Himachal Pradesh,2010,272,187,263,189,524,713,4,626,83,11,72,0,0,0,0,0,0,0,0,0,83,3027
Punjab,2009,195,182,57,265,1421,1686,17,1135,534,164,370,3,26,0,52,0,0,0,0,0,59,6166
Himachal Pradesh,2007,186,177,184,119,426,545,26,417,105,1,88,5,6,0,0,0,0,0,10,46,105,2446
Karnataka,2002,425,175,221,159,1062,1221,32,1967,122,9,113,16,0,0,0,0,0,0,54,107,14,5697
Bihar,2010,42,160,65,137,1353,1490,3,1475,12,10,2,0,0,0,0,0,0,0,3,42,15,4809
Himachal Pradesh,2008,209,153,206,115,514,629,0,526,103,12,91,3,3,0,0,0,0,0,0,0,66,2630
Tamil Nadu,2004,586,144,583,147,510,657,3,609,42,26,16,24,0,5,2,19,28,0,0,41,5,3447
Tamil Nadu,2006,733,135,811,57,627,684,1,642,41,20,21,3,0,20,2,1,2,15,3,38,6,3862
Jammu & Kashmir,2001,204,134,259,79,2108,2187,4,2146,37,6,31,140,0,0,0,0,0,0,0,44,9,7388
Jammu & Kashmir,2007,39,131,0,160,2086,2246,26,2172,48,5,43,10,0,0,0,0,0,0,22,22,18,7028
Jammu & Kashmir,2008,0,131,0,131,2172,2303,2,2208,93,6,87,10,0,0,0,0,0,0,0,0,10,7153
Jammu & Kashmir,2009,0,131,0,131,2172,2303,2,2208,93,6,87,10,0,0,0,0,0,0,0,0,10,7153
Uttar Pradesh,2007,152,130,168,115,476,591,0,576,15,2,13,0,0,0,0,0,0,0,0,0,0,2238
Tamil Nadu,2001,437,129,448,118,181,299,0,274,25,13,12,32,0,18,2,3,4,9,1,25,3,2033
Madhya Pradesh,2004,476,129,0,378,811,1189,6,102,161,72,89,12,0,0,0,0,0,0,16,25,10,3476
Bihar,2006,16,129,13,132,0,0,1,0,1,1,0,0,0,0,0,0,0,0,32,71,48,444
Delhi,2008,162,121,204,79,611,690,8,595,87,61,26,43,0,0,0,0,0,0,2,26,23,2738
Delhi,2006,160,116,169,107,573,680,2,628,50,37,13,105,0,0,0,0,0,0,4,8,26,2678
Haryana,2010,968,114,929,119,2219,2338,17,1797,524,88,436,0,0,0,0,0,0,0,7,18,14,9588
Uttar Pradesh,2001,53,108,41,119,163,282,2,277,3,0,3,1,5,6,0,0,6,0,3,0,20,1092
Delhi,2003,111,106,146,71,508,579,0,539,40,9,31,58,0,0,0,0,0,0,4,8,13,2223
Delhi,2005,136,102,160,78,558,636,7,573,56,22,34,78,0,0,0,0,0,0,6,10,9,2465
Delhi,2009,204,95,226,73,595,668,4,572,92,50,42,33,0,0,0,0,0,0,11,18,8,2691
Delhi,2002,103,94,111,82,477,559,4,508,47,14,33,112,0,0,0,0,0,0,3,2,8,2157
Karnataka,2003,221,93,221,43,1967,2010,562,1262,186,19,167,0,0,0,0,0,0,0,60,112,6,6929
Delhi,2001,144,87,103,123,443,566,12,477,77,5,72,78,0,0,0,0,0,0,0,7,11,2205
Jharkhand,2002,26,84,84,72,26,108,0,0,0,0,0,78,0,0,0,0,0,0,1,9,6,494
Bihar,2004,14,81,12,83,1195,1278,0,0,11,10,1,0,0,0,0,0,0,0,45,25,37,2792
Himachal Pradesh,2005,87,81,103,51,94,145,1,113,31,9,22,2,0,0,0,0,0,0,8,13,12,772
Himachal Pradesh,2006,103,79,112,59,113,172,8,141,23,5,18,0,0,2,0,0,2,0,1,4,7,849
Uttar Pradesh,2006,135,78,152,61,436,497,0,476,21,0,21,0,0,0,0,0,0,0,0,0,0,1877
Karnataka,2004,221,77,142,60,1262,1322,14,1043,265,41,224,7,0,0,0,0,0,0,6,26,18,4728
Uttar Pradesh,2008,168,76,134,110,576,686,0,666,20,3,17,0,0,0,0,0,0,0,0,0,0,2456
Himachal Pradesh,2003,112,70,74,55,130,185,19,123,43,8,35,2,14,0,0,0,0,0,7,7,19,903
Nagaland,2009,17,68,68,68,17,17,1,17,14,14,2,2,2,0,5,0,12,3,72,3,1,403
Madhya Pradesh,2001,411,66,288,189,942,1131,17,900,214,69,145,4,0,4,0,0,0,4,28,97,14,4523
Himachal Pradesh,2002,105,66,112,41,111,213,24,130,59,9,50,3,19,0,0,0,0,0,5,18,23,988
Bihar,2005,12,64,16,60,0,0,2,0,5,3,0,0,0,0,0,0,0,0,5,28,29,224
Delhi,2007,169,64,162,71,628,699,2,611,86,44,42,53,0,0,0,0,0,0,2,1,12,2646
Delhi,2004,146,63,136,72,539,612,5,558,49,22,27,45,0,0,0,0,0,0,0,4,9,2287
Chhattisgarh,2002,74,62,76,60,261,321,6,210,105,49,56,0,0,0,0,0,0,0,1,6,0,1287
Chhattisgarh,2003,74,62,76,60,261,321,6,210,105,49,56,0,0,0,0,0,0,0,1,6,0,1287
Bihar,2003,12,61,14,59,1136,1195,1,1136,6,3,2,0,0,0,0,0,0,0,15,18,52,3710
Himachal Pradesh,2001,96,58,105,35,103,138,4,111,23,4,19,2,2,0,0,0,0,0,18,31,13,762
Jammu & Kashmir,2010,0,56,53,109,2208,2317,3,2279,35,4,31,18,0,0,0,0,0,0,0,0,11,7124
Himachal Pradesh,2004,74,55,87,42,123,152,14,94,44,20,24,3,19,0,0,0,0,0,14,2,13,780
Jammu & Kashmir,2005,59,53,53,59,2110,2169,10,2117,42,7,35,32,0,0,0,0,0,0,0,57,16,6819
Jharkhand,2010,52,52,77,0,0,52,0,77,0,1,1,311,311,12,0,0,4,8,54,86,53,1151
Chhattisgarh,2006,54,50,70,34,215,249,0,228,21,6,15,0,0,0,0,0,0,0,0,8,4,954
Chhattisgarh,2009,86,50,97,34,219,253,2,230,21,3,18,0,0,0,0,0,0,0,0,8,1,1022
Kerala,2001,185,49,0,185,453,638,0,560,78,58,20,33,0,0,0,0,0,0,0,404,476,3139
Sikkim,2008,45,49,88,2,45,47,4,36,7,3,4,5,0,0,0,0,0,0,4,2,18,359
Chhattisgarh,2010,97,49,118,28,230,258,3,246,9,4,5,0,0,0,0,0,0,0,0,8,4,1059
Uttar Pradesh,2004,214,46,159,61,366,427,2,414,11,1,10,0,0,0,0,0,0,0,0,1,8,1720
Delhi,2010,226,44,251,19,572,591,10,449,132,61,71,34,0,0,0,0,0,0,2,4,4,2470
Chandigarh,2001,9,43,35,12,60,72,0,71,1,0,1,0,0,0,0,0,0,0,2,0,33,339
Uttar Pradesh,2009,134,43,118,59,666,725,0,714,11,4,7,0,0,0,0,0,0,0,0,0,0,2481
Madhya Pradesh,2005,148,41,189,310,762,499,8,288,203,82,98,12,NULL,13,NULL,NULL,1,12,2,11,4,2683
Jammu & Kashmir,2003,111,39,63,87,2260,2347,13,2264,70,5,65,217,0,0,0,0,0,0,0,66,8,7615
Chhattisgarh,2005,40,39,54,25,222,247,0,215,32,15,17,0,0,0,0,0,0,0,0,5,6,917
Jammu & Kashmir,2006,53,39,39,53,2117,2170,1,2086,83,8,75,25,0,0,0,0,0,0,0,0,7,6756
Uttar Pradesh,2002,41,36,37,38,277,315,1,306,8,1,7,26,0,0,0,0,0,0,0,0,1,1094
Chhattisgarh,2004,63,34,40,57,200,257,1,222,34,21,13,0,0,0,0,0,0,0,0,10,3,955
Kerala,2004,0,33,0,231,949,1180,2,1097,81,23,58,53,3,0,0,0,0,150,0,0,121,3981
Sikkim,2005,10,32,32,10,34,44,2,39,3,3,0,2,0,0,0,0,0,0,3,2,24,240
Chhattisgarh,2008,77,31,86,19,219,238,1,206,31,9,22,0,0,0,0,0,0,0,0,4,0,943
Uttar Pradesh,2010,118,31,105,44,714,758,0,728,30,3,27,0,0,0,0,0,0,0,0,0,0,2558
Jharkhand,2003,28,29,29,37,175,308,0,0,8,4,0,98,0,0,0,0,0,0,1,12,0,729
Kerala,2006,0,29,0,186,1237,1423,1,1380,42,26,16,18,4,0,0,0,0,0,0,0,125,4487
Chandigarh,2007,51,29,67,13,84,97,2,87,8,3,5,0,0,0,0,0,0,0,0,0,19,465
Kerala,2010,4,29,0,176,998,1174,6,0,117,71,46,41,2,20,10,0,2,8,47,99,187,3037
Jammu & Kashmir,2002,259,28,111,176,2146,2322,1,2260,61,1,60,131,0,0,0,0,0,0,0,0,3,7559
Kerala,2002,0,28,0,278,560,838,0,758,80,45,35,33,23,0,0,0,0,0,163,0,178,3019
Kerala,2009,0,28,0,213,398,455,12,0,150,71,60,32,7,5,0,1,1,3,7,83,173,1699
Bihar,2001,27,26,10,43,1097,1140,2,1128,10,8,2,1,0,0,0,0,0,0,8,17,23,3542
Mizoram,2009,14,26,37,2,1,3,0,3,0,0,0,0,37,0,0,0,0,0,9,1,9,142
Mizoram,2010,37,26,23,3,3,6,0,3,3,0,3,2,14,0,0,0,0,0,4,0,10,137
Sikkim,2006,32,25,47,10,39,49,3,38,8,3,5,4,2,0,0,0,0,0,4,2,30,301
Jharkhand,2008,15,25,25,51,392,51,1,442,0,0,0,33,33,0,0,0,0,0,0,0,4,1072
Jharkhand,2009,15,25,25,51,392,51,1,442,0,0,0,33,33,0,0,0,0,0,0,0,4,1072
Bihar,2002,10,24,12,22,1128,1160,14,1136,10,9,1,3,0,0,0,0,0,0,15,13,11,3568
Sikkim,2010,77,24,85,10,49,59,0,58,1,0,1,2,0,0,0,0,0,0,3,4,13,386
Kerala,2005,234,23,0,234,1097,1331,0,1237,94,33,61,18,38,0,0,0,0,0,69,35,0,4504
Sikkim,2007,47,23,45,14,38,52,0,45,7,5,2,5,0,0,0,0,0,0,5,3,28,319
Nagaland,2008,14,23,32,5,14,19,0,17,2,1,1,32,12,0,0,0,0,12,8,4,4,200
Kerala,2008,0,22,0,193,1651,1844,72,1642,130,85,45,18,4,0,0,0,0,0,16,49,62,5833
Kerala,2003,0,20,0,267,758,1025,2,949,74,26,48,51,0,0,0,0,0,0,0,230,180,3630
Jammu & Kashmir,2004,63,20,59,24,2264,2288,26,2110,152,7,145,98,0,0,0,0,0,0,0,26,0,7282
Nagaland,2001,0,19,0,19,0,19,0,19,0,0,0,0,11,1,1,0,0,0,8,2,1,100
Chhattisgarh,2007,70,19,77,7,228,235,0,219,16,4,12,0,0,0,0,0,0,0,0,3,2,892
Puducherry,2007,10,18,28,0,24,24,0,18,6,6,0,0,0,0,0,0,0,0,0,2,0,136
Chandigarh,2006,46,17,51,10,77,87,1,84,2,0,2,0,0,0,0,0,0,0,0,0,3,380
Nagaland,2004,0,16,16,2,5,7,0,0,0,0,0,258,0,1,0,0,0,0,0,11,119,435
Sikkim,2004,7,16,10,13,27,40,3,34,3,1,2,9,0,0,0,0,0,0,3,2,23,193
Jharkhand,2006,16,16,16,12,361,16,0,361,1,1,0,12,12,0,0,0,0,0,0,5,0,829
Uttar Pradesh,2005,159,15,135,43,414,457,6,436,15,0,13,0,0,0,0,0,0,0,0,0,0,1693
Jharkhand,2007,15,15,15,18,377,15,0,392,0,0,0,19,19,0,0,0,0,0,0,12,0,897
Goa,2001,8,14,17,4,24,28,0,27,1,0,1,0,0,0,0,0,0,0,1,0,9,134
Uttar Pradesh,2003,37,14,214,62,306,368,0,366,12,2,10,9,0,0,0,0,0,0,0,0,38,1438
Nagaland,2007,14,14,14,4,10,14,0,14,0,0,0,4,1,1,0,0,1,0,0,1,1,93
Jharkhand,2004,13,13,0,100,175,281,0,1315,1,1,0,13,0,0,0,0,0,0,0,0,1,1913
Chandigarh,2009,62,13,23,52,95,147,0,133,14,6,8,0,0,0,0,0,0,0,0,0,11,564
Puducherry,2005,12,12,12,12,12,24,0,24,0,0,0,0,0,0,0,0,0,0,0,1,0,109
Sikkim,2009,88,12,77,13,36,49,0,49,0,0,0,5,0,0,0,0,0,0,1,2,8,340
Chandigarh,2010,23,12,23,12,133,145,0,153,13,8,5,0,0,0,0,0,0,0,0,0,7,534
Uttarakhand,2004,7,11,14,4,10,14,0,13,1,0,1,0,0,0,0,0,0,0,0,0,0,75
Uttarakhand,2006,19,11,27,3,15,18,0,18,0,0,0,1,0,0,0,0,0,0,0,2,0,114
Mizoram,2008,6,11,14,1,0,1,0,1,0,0,0,0,11,0,0,0,0,0,0,0,0,45
Puducherry,2004,7,10,12,5,9,14,0,13,1,0,1,0,0,0,0,0,0,0,0,0,0,72
Nagaland,2010,68,10,52,16,17,33,22,10,0,1,0,0,3,0,0,0,0,0,0,0,1,233
Chandigarh,2005,41,9,46,4,74,78,0,77,1,0,1,0,0,0,0,0,0,0,2,0,1,334
Puducherry,2009,13,9,21,1,64,65,1,62,2,0,2,0,0,0,0,0,0,0,0,0,0,240
Manipur,2005,0,8,0,8,27,35,0,35,0,0,0,0,0,0,0,0,0,0,1,3,6,123
Goa,2010,3,8,11,0,23,23,0,22,1,0,1,0,0,0,0,0,0,0,0,0,1,93
Uttarakhand,2002,5,7,6,5,8,13,1,12,0,0,0,0,0,0,0,0,0,0,0,1,0,58
Uttarakhand,2005,14,7,19,2,13,15,0,15,0,0,0,0,0,0,0,0,0,0,0,0,0,85
Kerala,2007,0,7,0,396,1380,1776,27,1651,98,62,36,16,31,0,0,0,0,0,4,39,141,5664
Chandigarh,2008,67,7,62,12,87,99,0,95,4,3,1,0,0,0,0,0,0,0,0,0,2,439
Manipur,2001,4,6,3,2,16,18,0,18,0,0,0,0,0,0,0,0,0,0,2,0,0,69
Chandigarh,2002,35,6,37,4,71,75,0,70,5,1,4,0,0,1,0,0,0,0,3,3,0,315
Puducherry,2003,5,6,7,4,7,11,0,9,2,0,2,0,0,0,0,0,0,0,0,0,0,53
Chandigarh,2004,37,6,41,1,74,75,0,74,1,0,1,0,0,0,0,0,0,0,0,0,2,312
Andaman & Nicobar Islands,2006,7,6,8,5,7,12,0,12,0,0,0,0,0,0,0,0,0,0,0,0,0,57
Puducherry,2010,9,6,15,3,62,65,1,61,3,1,2,0,0,0,0,0,0,0,0,0,0,228
Puducherry,2001,4,5,8,1,7,8,0,8,0,0,0,0,0,0,0,0,0,0,1,0,6,48
Assam,2002,51,5,49,2,51,53,0,53,0,0,0,0,0,0,0,0,0,0,7,0,0,271
Uttarakhand,2007,27,5,19,13,18,31,0,30,1,0,1,0,0,0,0,0,0,0,0,0,0,145
Sikkim,2001,4,4,4,3,6,9,0,3,6,3,3,1,0,0,0,0,0,0,0,0,0,46
Uttarakhand,2001,5,4,5,4,8,12,3,8,1,0,1,1,1,1,0,0,0,1,0,0,0,55
West Bengal,2001,33,4,33,4,53,57,0,56,1,1,0,0,0,0,0,0,0,0,2,0,0,244
Manipur,2007,8,4,8,4,35,39,0,39,0,0,0,0,0,0,0,0,0,0,3,0,0,140
West Bengal,2007,2,4,3,1,36,37,0,9,28,0,28,5,0,0,0,0,0,0,0,0,0,153
Uttarakhand,2008,19,4,20,3,30,33,0,32,1,0,1,0,0,0,0,0,0,0,0,0,0,143
Assam,2001,27,3,5,25,27,52,1,50,1,0,1,0,0,0,0,0,0,0,0,8,0,200
Tripura,2001,0,3,3,0,0,0,0,0,0,0,0,0,0,0,0,0,0,0,0,0,0,6
Manipur,2002,3,3,3,3,18,21,0,21,0,0,0,0,0,0,0,0,0,0,6,3,4,85
Sikkim,2002,4,3,7,0,7,7,0,3,4,3,1,0,0,0,0,0,0,0,0,2,0,41
Chandigarh,2003,37,3,37,3,70,75,0,74,1,0,1,0,0,0,0,0,0,0,0,9,5,315
Goa,2003,7,3,4,5,33,38,1,34,3,0,3,0,0,0,0,0,0,0,0,0,1,132
Manipur,2003,3,3,3,3,21,24,0,24,0,0,0,0,0,0,0,0,0,0,3,1,0,85
Tripura,2004,1,3,4,0,1,1,0,1,0,0,0,0,0,0,0,0,0,0,0,0,0,11
Mizoram,2006,3,3,3,2,2,2,0,0,0,0,0,0,0,0,0,0,0,0,1,1,2,19
Nagaland,2006,0,3,0,0,0,0,0,0,0,0,0,0,0,0,0,0,0,0,0,0,0,3
Arunachal Pradesh,2009,0,3,1,2,0,2,0,2,0,0,0,0,0,0,0,0,0,0,0,0,0,10
Uttarakhand,2009,20,3,16,7,32,39,0,38,1,1,0,0,0,0,0,0,0,0,0,0,0,157
Andaman & Nicobar Islands,2010,14,3,3,8,14,22,0,22,0,0,0,8,0,0,0,0,0,0,0,0,0,94
Goa,2002,17,2,7,12,27,39,1,33,5,0,5,0,0,0,0,0,0,0,1,0,0,149
Andaman & Nicobar Islands,2004,3,2,5,0,3,3,0,3,0,0,0,0,0,0,0,0,0,0,0,1,0,20
Meghalaya,2005,0,2,2,0,0,0,0,0,0,0,0,0,0,0,0,0,0,0,0,0,0,4
Goa,2006,4,2,6,0,31,31,0,29,2,0,2,0,0,0,0,0,0,0,0,0,0,107
Puducherry,2006,12,2,10,3,25,28,0,24,4,1,3,0,0,0,0,0,0,0,0,2,0,114
Tripura,2006,5,2,4,3,1,4,0,4,0,0,0,0,0,0,0,0,0,0,0,0,0,23
Meghalaya,2007,2,2,0,0,0,0,0,0,0,0,0,0,0,0,0,0,0,0,2,0,3,9
Andaman & Nicobar Islands,2008,12,2,12,2,10,12,0,12,0,0,0,0,0,0,0,0,0,0,0,0,0,62
Goa,2008,7,2,4,5,23,28,0,27,1,0,1,0,0,0,0,0,0,0,0,0,2,100
Puducherry,2008,28,2,7,21,18,39,0,39,0,0,0,0,0,0,0,0,0,0,0,0,0,154
Tripura,2009,4,2,4,1,4,5,0,4,1,0,1,0,0,0,0,0,0,0,0,0,0,26
Mizoram,2001,4,1,1,3,2,5,1,4,0,0,0,0,0,0,0,0,0,0,0,0,0,21
Mizoram,2002,3,1,4,4,4,8,0,8,0,0,0,0,0,0,0,0,0,0,1,0,0,33
Andaman & Nicobar Islands,2003,3,1,3,1,3,4,0,4,0,0,0,0,0,0,0,0,0,0,0,0,0,19
Dadra & Nagar Haveli,2003,0,1,0,1,3,4,2,2,0,0,0,0,0,1,0,0,1,0,0,1,0,16
Tripura,2003,3,1,1,3,0,3,0,1,0,0,0,0,0,0,0,0,0,0,0,0,0,12
Uttarakhand,2003,6,1,7,0,12,12,0,10,2,0,2,0,0,0,0,0,0,0,2,1,0,55
West Bengal,2003,32,1,32,1,56,57,0,56,0,0,0,0,0,0,0,0,0,0,0,0,0,235
Assam,2004,195,1,195,2,63,65,0,0,0,0,0,0,0,0,0,0,0,0,10,0,0,531
Dadra & Nagar Haveli,2004,0,1,1,0,2,2,0,2,0,0,0,0,0,0,0,0,0,0,0,0,0,8
Andaman & Nicobar Islands,2005,5,1,5,1,5,6,0,6,0,0,0,0,0,0,0,0,0,0,0,0,0,29
Goa,2005,0,1,0,1,0,1,0,1,0,0,0,1,0,0,0,0,0,0,0,1,0,6
Mizoram,2005,8,1,9,0,8,8,0,0,8,0,0,0,0,0,0,0,0,0,1,0,0,43
Tripura,2005,4,1,5,0,1,1,0,1,0,0,0,0,0,0,0,0,0,0,0,0,0,13
Meghalaya,2006,2,1,2,0,0,0,0,0,0,0,0,0,0,1,0,0,1,0,0,0,0,7
Goa,2007,6,1,7,0,29,29,0,23,6,0,6,0,0,0,0,0,0,0,0,0,1,108
Tripura,2007,4,1,4,1,4,5,0,5,0,0,0,0,0,0,0,0,0,0,0,0,0,24
Tripura,2008,4,1,4,1,5,6,0,4,2,0,2,0,0,0,0,0,0,0,0,0,0,29
Lakshadweep,2010,0,1,0,0,17,17,0,17,5,0,5,0,0,0,0,0,0,0,5,2,3,72
Manipur,2010,23,1,23,1,23,24,1,23,0,0,0,3,1,0,0,2,5,8,7,9,0,154
Meghalaya,2010,0,1,0,1,0,1,0,1,0,0,0,0,0,0,0,0,0,0,0,0,0,4
Andaman & Nicobar Islands,2001,0,0,0,0,1,1,0,1,0,0,0,0,0,0,0,0,0,0,0,0,0,3
Arunachal Pradesh,2001,0,0,0,0,0,0,0,0,0,0,0,0,0,0,0,0,0,0,0,0,0,0
Dadra & Nagar Haveli,2001,2,0,2,0,4,4,0,3,1,0,1,0,0,0,0,0,0,0,0,0,0,17
Daman & Diu,2001,8,0,8,0,0,0,0,0,0,0,0,0,0,0,0,0,0,0,0,0,0,16
Lakshadweep,2001,0,0,0,0,6,6,0,6,0,0,0,0,0,0,0,0,0,0,0,0,0,18
Meghalaya,2001,0,0,0,0,0,0,0,0,0,0,0,0,0,0,0,0,0,0,0,0,0,0
Andaman & Nicobar Islands,2002,0,0,0,0,1,1,0,0,1,0,1,1,0,0,0,0,0,0,0,0,0,5
Arunachal Pradesh,2002,0,0,0,0,1,1,0,1,0,0,0,0,0,0,0,0,0,0,0,0,0,3
Dadra & Nagar Haveli,2002,1,0,2,3,5,2,0,3,2,0,2,0,0,0,0,0,0,0,0,0,0,20
Daman & Diu,2002,9,0,9,0,0,0,0,0,0,0,0,0,0,0,0,0,0,0,0,0,0,18
Lakshadweep,2002,0,0,0,0,0,0,0,0,0,0,0,0,0,0,0,0,0,0,0,0,0,0
Meghalaya,2002,0,0,0,0,0,0,0,0,0,0,0,0,0,0,0,0,0,0,0,0,0,0
Nagaland,2002,0,0,0,13,0,0,0,0,0,0,0,13,0,0,0,0,0,0,5,1,1,33
Puducherry,2002,8,0,5,3,8,11,0,7,4,0,4,0,0,0,0,0,0,0,0,1,1,52
Punjab,2002,219,0,0,213,1718,0,14,0,199,90,209,0,0,7,7,7,0,0,0,96,58,2837
Tripura,2002,0,0,3,0,0,0,0,0,0,0,0,0,0,0,0,0,0,0,0,0,0,3
West Bengal,2002,33,0,32,1,56,57,1,56,0,0,0,0,0,0,0,0,0,0,0,0,0,236
Arunachal Pradesh,2003,0,0,0,0,0,0,0,0,0,0,0,0,0,0,0,0,0,0,0,0,0,0
Assam,2003,53,0,43,10,53,63,0,63,0,0,0,0,0,0,0,0,0,0,25,4,0,314
Daman & Diu,2003,9,0,9,0,0,0,0,0,0,0,0,0,0,0,0,0,0,0,0,0,0,18
Lakshadweep,2003,0,0,0,0,7,7,0,7,1,1,0,0,0,0,0,0,0,0,1,2,2,28
Meghalaya,2003,0,0,0,0,0,0,0,0,0,0,0,0,0,0,0,0,0,0,0,0,0,0
Mizoram,2003,8,0,8,0,8,8,0,8,0,0,0,0,0,0,0,0,0,0,0,0,0,40
Nagaland,2003,0,0,0,0,13,13,0,0,0,0,0,0,0,0,0,0,0,0,0,0,0,26
Punjab,2003,219,0,0,213,1718,0,14,0,199,90,209,0,0,7,7,7,0,0,0,96,58,2837
Sikkim,2003,7,0,7,0,3,3,0,3,0,0,0,0,0,0,0,0,0,0,0,0,0,23
Arunachal Pradesh,2004,0,0,0,0,0,0,0,0,0,0,0,0,0,0,0,0,0,0,0,0,0,0
Daman & Diu,2004,9,0,1,8,0,8,0,8,0,0,0,0,0,0,0,0,0,0,0,0,0,34
Goa,2004,0,0,0,0,0,0,0,0,0,0,0,1,1,0,0,1,0,0,0,0,0,3
Lakshadweep,2004,0,0,0,0,7,7,0,7,0,0,0,0,0,0,0,0,0,0,0,0,0,21
Manipur,2004,3,0,0,3,24,27,0,27,0,0,0,0,0,0,0,0,0,0,0,1,0,85
Meghalaya,2004,0,0,0,0,0,0,0,0,0,0,0,0,0,0,0,0,0,0,0,0,0,0
Mizoram,2004,8,0,8,0,8,8,0,8,0,0,0,0,0,0,0,0,0,0,0,0,0,40
West Bengal,2004,32,0,32,0,57,57,0,57,0,0,0,0,0,0,0,0,0,0,0,0,0,235
Arunachal Pradesh,2005,0,0,0,0,0,0,0,0,0,0,0,0,0,0,0,0,0,0,0,0,0,0
Assam,2005,222,0,221,1,65,66,0,65,1,1,0,0,0,0,0,0,0,0,0,2,0,644
Dadra & Nagar Haveli,2005,1,0,0,1,2,3,0,3,0,0,0,0,0,0,0,0,0,0,0,0,0,10
Daman & Diu,2005,1,0,1,0,0,0,0,0,0,0,0,0,0,0,0,0,0,0,0,0,0,2
Lakshadweep,2005,0,0,0,0,0,0,0,0,0,0,0,0,0,0,0,0,0,0,0,0,0,0
Nagaland,2005,0,0,0,0,0,0,0,0,0,0,0,0,0,7,7,0,0,0,4,20,0,38
West Bengal,2005,32,0,32,0,56,56,0,56,0,0,0,0,0,0,0,0,0,0,0,0,0,232
Arunachal Pradesh,2006,0,0,0,0,0,0,0,0,0,0,0,0,0,0,0,0,0,0,0,0,0,0
Assam,2006,11,0,11,0,62,76,0,73,3,3,0,0,0,0,0,0,0,0,2,0,0,241
Dadra & Nagar Haveli,2006,0,0,0,0,3,3,0,2,1,1,0,0,0,0,0,0,0,0,0,0,0,10
Daman & Diu,2006,1,0,0,1,8,9,0,9,0,0,0,0,0,0,0,0,0,0,0,0,0,28
Lakshadweep,2006,0,0,0,0,0,0,0,0,0,0,0,0,0,0,0,0,0,0,0,0,0,0
Madhya Pradesh,2006,0,0,0,179,884,1063,16,801,246,144,102,2,0,20,0,0,10,10,0,2,22,3501
Manipur,2006,8,0,8,0,35,35,0,35,0,0,0,0,0,0,0,0,0,0,1,0,0,122
West Bengal,2006,32,0,32,0,56,56,0,56,0,0,0,0,0,0,0,0,0,0,0,0,0,232
Andaman & Nicobar Islands,2007,12,0,12,1,9,10,0,10,0,0,0,0,0,0,0,0,0,0,0,0,0,54
Arunachal Pradesh,2007,0,0,0,0,0,0,0,0,0,0,0,0,0,0,0,0,0,0,0,0,0,0
Assam,2007,11,0,11,2,76,78,0,76,3,3,1,0,0,0,0,0,0,0,0,0,0,261
Dadra & Nagar Haveli,2007,0,0,0,0,2,2,0,2,0,0,0,0,0,0,0,0,0,0,0,0,0,6
Daman & Diu,2007,0,0,0,0,9,9,0,9,0,0,0,0,0,0,0,0,0,0,0,0,0,27
Lakshadweep,2007,0,0,0,0,0,0,0,0,0,0,0,0,0,0,0,0,0,0,0,0,0,0
Madhya Pradesh,2007,0,0,0,155,874,1029,38,770,221,111,72,1,0,6,0,0,2,4,15,45,19,3362
Mizoram,2007,0,0,0,0,0,0,0,0,0,0,0,0,0,0,0,0,0,0,6,0,0,6
Arunachal Pradesh,2008,0,0,0,0,0,0,0,0,0,0,0,0,0,0,0,0,0,0,0,0,0,0
Assam,2008,11,0,11,3,74,77,0,75,2,2,0,0,0,0,0,0,2,0,1,1,0,259
Dadra & Nagar Haveli,2008,0,0,0,0,2,2,0,2,0,0,0,0,0,0,0,0,0,0,0,0,0,6
Daman & Diu,2008,0,0,0,0,9,9,0,9,0,0,0,0,0,0,0,0,0,0,0,0,0,27
Lakshadweep,2008,0,0,0,3,16,20,0,20,0,0,0,0,0,0,0,0,0,0,2,0,2,63
Madhya Pradesh,2008,0,0,0,185,928,1113,3,943,267,70,173,0,0,0,0,0,0,0,15,42,21,3760
Manipur,2008,8,0,8,0,39,39,0,38,1,0,1,0,0,0,0,0,0,0,0,0,0,134
Meghalaya,2008,0,0,0,0,0,0,0,0,0,0,0,0,0,0,0,0,0,0,0,0,0,0
West Bengal,2008,0,0,0,0,0,0,0,0,0,0,0,0,0,0,0,0,0,0,0,0,0,0
Andaman & Nicobar Islands,2009,12,0,14,2,12,14,0,0,0,0,0,0,0,0,0,0,0,0,0,0,0,54
Assam,2009,11,0,11,4,75,79,0,79,3,1,2,0,0,0,0,0,0,0,2,2,0,269
Dadra & Nagar Haveli,2009,0,0,0,0,9,9,0,9,0,0,0,0,0,0,0,0,0,0,0,0,0,27
Daman & Diu,2009,0,0,0,0,9,9,0,9,0,0,0,0,0,0,0,0,0,0,0,0,0,27
Goa,2009,1,0,1,0,1,1,0,1,0,0,0,0,0,0,0,0,0,0,0,0,0,5
Lakshadweep,2009,0,0,0,0,0,0,0,0,0,0,0,0,0,0,0,0,0,0,0,0,0,0
Madhya Pradesh,2009,0,0,0,144,943,1087,3,1021,63,34,29,0,0,0,0,0,0,0,16,27,43,3410
Manipur,2009,8,0,8,2,10,10,1,8,0,0,0,0,0,0,0,0,0,0,0,0,0,47
Meghalaya,2009,0,0,0,0,0,0,0,0,0,0,0,0,0,0,0,0,0,0,0,0,0,0
West Bengal,2009,0,0,0,0,0,0,0,0,0,0,0,0,0,0,0,0,0,0,0,0,0,0
Arunachal Pradesh,2010,1,0,1,0,2,2,0,2,0,0,0,0,0,0,0,0,0,0,0,0,0,8
Assam,2010,11,0,11,6,79,85,0,81,4,2,2,0,0,0,0,0,0,0,3,3,0,287
Dadra & Nagar Haveli,2010,0,0,0,0,2,2,0,2,0,0,0,0,0,0,0,0,0,0,0,0,0,6
Daman & Diu,2010,0,0,0,0,9,9,0,9,0,0,0,0,0,0,0,0,0,0,0,0,0,27
Madhya Pradesh,2010,0,0,0,132,1021,1153,24,1039,90,45,45,0,0,9,9,0,0,0,7,92,33,3699
Tripura,2010,4,0,0,0,4,4,0,2,2,0,2,0,0,0,0,0,0,0,0,0,0,18
Uttarakhand,2010,16,0,16,0,38,38,0,36,2,2,0,0,0,0,0,0,0,0,0,0,0,148
West Bengal,2010,0,0,0,0,0,0,0,0,0,0,0,0,0,0,0,0,0,0,0,0,0,0
